{"dcM66LqcX7MN1yrhoG2T/g==":"foxearth%20logo-128x128.png","/05BxLMjIZjbcVkA8S8MXg==":"mbr-1440x1080.jpg","kJktIxlRX585bbeOImYztg==":"mbr-1920x1280.jpg","uQzCIlsJi3eCWPzi/jJpFg==":"mbr-1920x1114.jpg","SAK7Qm1DStwJBG7rqfC1Gg==":"image1-780x1387.jpg","s/vfr2w6b43s4RNP9INyUA==":"image1-1169x780.jpg","mg50ZRY56eQJzG+qzZpLdw==":"image1-1242x1390.png","9kNM7IgJVsp4ovwY3e2ClQ==":"image1%20(1)-960x540.jpg","xL0Yb6Hb0fNX3ddOmYblhw==":"foxearthfisheries72dpi1-128x56.jpg","Rc7mQlgb7PUaorwur+g4lA==":"ff_tran_small-317x34.png","KT4rz+xKqWGwPeP6gUoqsQ==":"foxearth-logo-png-copy-no-background-295x128.png","Lw6FutEhhBzoID4+bvCYhw==":"foxearth-logo-png-copy-no-background.png","0DKaYOkZ6T+gTCUXab8THg==":"imageedit-2.png","Ef15swRhkFSzqXNPoBrv5Q==":"imageedit-3.png","FiyNXdLiPQmLKdX5syCJRA==":"mbr.jpg","weprlGf6d9WPacwCKC5D5w==":"mbr-1.jpg","SYgL0pIh/YBsjjYddxuKtA==":"mbr-2.jpg","hbuXQNg5xwZGlt+DwD2Y4Q==":"image1-1-1169x780.jpg","olaV13/Q/CtMf9vFHGfr3w==":"full-site-overhead.jpg","p/v7lLVH9u2ZSwxU9Q7NGQ==":"full-site-overhead-1.jpg","6wIBPfUT9cGhbSIixQjH2g==":"pleasure-lake-2.jpg","AA5cmKUnCxm64ljVP0rKOw==":"traditional-lake-2.jpg","l8Ih9JaeY9mHweWZD2Tluw==":"imageedit.png","zX+QAvAu8jfTcrrZQ3r/hQ==":"imageedit-1.png","bldZxMWGkxoaH5zfNP6yQQ==":"full-site-overhead-1-min-1.jpg"}